,image,Metric,yolo_rmse,dualsight_rmse,yolo_pred_mean,dual_pred_mean,yolo_gt_mean,dual_gt_mean,yolo_r2_mean,dual_r2_mean
0,Cu-Ni-Powder_250x_10_SE:,area,180.33579788827288,85.58621384311844,10018.636363636364,9979.545454545454,9931.454545454546,9931.454545454546,0.9991801327733283,0.9998153338631847
1,Cu-Ni-Powder_250x_10_SE:,area_convex,236.63012948865617,86.7483298241109,11465.636363636364,11553.818181818182,11589.818181818182,11589.818181818182,0.9990700574688242,0.9998750206470103
2,Cu-Ni-Powder_250x_10_SE:,major_axis_length,2.0308006844748254,1.0561479819487807,145.78391729914918,147.23987336766493,146.5018830501144,146.5018830501144,0.9980687417723083,0.9994776575859579
3,Cu-Ni-Powder_250x_10_SE:,minor_axis_length,0.9284620322735173,0.8015472295784526,90.53778756691507,90.44489483787346,90.0502935509451,90.0502935509451,0.999505994474274,0.9996318186854458
4,Cu-Ni-Powder_250x_10_SE:,eccentricity,0.016349058891954833,0.004881399494837968,0.7511995022840131,0.7557022908632901,0.7559956912819168,0.7559956912819168,0.9897583356065442,0.9990869937979232
5,Cu-Ni-Powder_250x_10_SE:,equivalent_diameter,1.0634363088586496,0.5416009749345426,107.10829656399454,107.0130954607422,106.71994585278013,106.71994585278013,0.9990995857047996,0.9997664508518406
8,Cu-Ni-Powder_250x_10_SE:,feret_diameter_max,2.632850089709834,1.0265386222445518,152.12824542409146,153.97459513324466,153.86121536602639,153.86121536602639,0.9969544704007339,0.9995370211532475
9,Cu-Ni-Powder_250x_10_SE:,perimeter,28.8310383610617,4.918325456959609,447.5795485436893,463.315879317472,459.2055880960542,459.2055880960542,0.9753418975008475,0.9992824145687689
10,Cu-Ni-Powder_250x_10_SE:,solidity,0.03308585617736558,0.0095955242390254,0.8962186019825084,0.883086802920404,0.8775694987150353,0.8775694987150353,0.7000463069185843,0.9747706029261988
11,Cu-Ni-Powder_250x_1_SE_V1:,area,4308.450682440135,4872.144008118916,4502.952830188679,5330.188679245283,5945.5,5950.38679245283,0.5117615807799194,0.37481940749384945
12,Cu-Ni-Powder_250x_1_SE_V1:,area_convex,6392.615721608091,8863.91428452443,5329.037735849057,7066.6509433962265,7456.103773584906,7461.905660377359,0.49098306778664635,0.020413882411371098
13,Cu-Ni-Powder_250x_1_SE_V1:,major_axis_length,51.24794780164913,50.10835221619466,97.99378573785447,106.43512556444385,116.52275463438762,116.64764098090326,0.4453389370893407,0.46737412040556225
14,Cu-Ni-Powder_250x_1_SE_V1:,minor_axis_length,22.939166482831165,23.670776269986042,54.14485725819956,59.72466044720759,62.32143388519502,62.38798155301189,0.5504656208368663,0.5194838946132692
15,Cu-Ni-Powder_250x_1_SE_V1:,eccentricity,0.1043234594970112,0.09698676999149762,0.7799729241436036,0.7807387900898158,0.7969591610732263,0.7977070159125014,0.43251765905603934,0.5058651707751205
16,Cu-Ni-Powder_250x_1_SE_V1:,equivalent_diameter,25.712995409735164,25.52546437942296,67.84802351093279,72.92736685365611,77.596693205797,77.69226615418648,0.5731155763401812,0.5769653404398536
19,Cu-Ni-Powder_250x_1_SE_V1:,feret_diameter_max,52.489034427103675,51.168530231668335,100.65544918043481,110.55296070223228,119.37299074108013,119.50761003141446,0.467702504365912,0.4921120426018556
20,Cu-Ni-Powder_250x_1_SE_V1:,perimeter,166.3965312964731,253.40411053813617,287.446382830179,353.21604400117934,344.91098736839103,345.3483594034263,0.44916108344870265,-0.2822798153420487
21,Cu-Ni-Powder_250x_1_SE_V1:,solidity,0.0862925657274057,0.0882076922244748,0.8929550208674756,0.8608768353869716,0.862845294194496,0.8622714787857607,0.13883645742874284,0.0920464242976563
22,Cu-Ni-Powder_250x_6_SE_V1:,area,4917.191165389978,5098.2121861122705,5112.817204301075,6111.634408602151,7361.645161290323,7368.397849462365,0.47798100157057066,0.4378649582662516
23,Cu-Ni-Powder_250x_6_SE_V1:,area_convex,7014.376609154499,7288.141919938256,6144.10752688172,7700.182795698925,9334.763440860215,9344.032258064517,0.4169170464694457,0.3694419748166059
24,Cu-Ni-Powder_250x_6_SE_V1:,major_axis_length,53.813939261894234,50.73601966234768,102.99534183028719,112.59712739773516,129.11859830090998,129.21853592949086,0.4676171251676584,0.5254473205690633
25,Cu-Ni-Powder_250x_6_SE_V1:,minor_axis_length,30.94867873907444,30.519072636018702,57.09328676226664,62.80809896243284,69.56161763378906,69.65865997847646,0.4858354035299759,0.498335641009357
26,Cu-Ni-Powder_250x_6_SE_V1:,eccentricity,0.11797042873468909,0.12512205914558788,0.7771890488243677,0.774305932658893,0.7815241158237297,0.7810257122841158,0.41848388828250327,0.34786212104095826
27,Cu-Ni-Powder_250x_6_SE_V1:,equivalent_diameter,29.119610132662487,28.5384919529297,71.3268426553922,77.66116226313932,85.52241083165319,85.6239242286121,0.5881840442135067,0.6027635877364457
30,Cu-Ni-Powder_250x_6_SE_V1:,feret_diameter_max,52.76338424786572,49.976725150017664,106.77805409781253,117.89738221626837,133.93931779165928,134.087683774218,0.5084016733402559,0.5572201099472178
31,Cu-Ni-Powder_250x_6_SE_V1:,perimeter,197.530462391131,218.75016405413135,312.46808275276214,374.2231200036245,398.269356149381,398.70022784628276,0.4003982761626447,0.2623394608824692
32,Cu-Ni-Powder_250x_6_SE_V1:,solidity,0.10363972600821234,0.09885242160103634,0.8904978662735955,0.8586803693361202,0.8460668359674735,0.8450420477385205,-0.1807913743888312,-0.08886256606465404
33,HP743_5S_500x:,area,6047.026337747485,5322.237289402445,12494.411764705883,12815.941176470587,14483.70588235294,14483.70588235294,0.5942470930411483,0.6856840741601445
34,HP743_5S_500x:,area_convex,8226.86709006819,6761.041326861522,13048.0,13665.823529411764,15856.588235294117,15856.588235294117,0.4730505528052441,0.6441006685198116
35,HP743_5S_500x:,major_axis_length,36.87498955555438,20.676904617593397,145.72394308407655,153.04525161591798,158.20847887950035,158.20847887950035,0.5904513412601897,0.8712305784667931
36,HP743_5S_500x:,minor_axis_length,22.21113334181183,24.16978099673174,105.20674807306037,105.39324748090493,112.37053939394718,112.37053939394718,0.7904214094691956,0.7518290706132416
37,HP743_5S_500x:,eccentricity,0.07438776271137339,0.06875145489463715,0.6236541523701016,0.6372833303923305,0.6383482476435566,0.6383482476435566,0.8135836350847709,0.8407626920124831
38,HP743_5S_500x:,equivalent_diameter,24.132163170042826,20.208499968946263,119.22925279442127,121.20391591025,127.30077653424071,127.30077653424071,0.7395218310661829,0.8173385166875953
41,HP743_5S_500x:,feret_diameter_max,35.756670610014474,20.64361918629247,149.8808002631328,157.09345564575023,163.3699018273738,163.3699018273738,0.6033415011320682,0.8677869590034074
42,HP743_5S_500x:,perimeter,198.581708902415,153.99653140330614,440.00589275987403,461.140692371118,509.5123331111822,509.5123331111822,0.37679881270805093,0.6252240941455183
43,HP743_5S_500x:,solidity,0.045457880223319806,0.028431012959100783,0.9499539129459609,0.9359010807721077,0.9330440481902939,0.9330440481902939,0.5932295388166304,0.8408833178396105
44,MW_FeMnAl_500_22-11:,area,2882.4568160946865,2768.2901187950265,2611.086124401914,2777.913875598086,3530.9282296650717,3491.282296650718,0.42549235088260684,0.4634289619474926
45,MW_FeMnAl_500_22-11:,area_convex,3101.0487576188134,2977.9905647647292,2716.2392344497607,2896.9186602870814,3745.4832535885166,3701.1244019138758,0.40517013815377656,0.4435583225411852
46,MW_FeMnAl_500_22-11:,major_axis_length,30.82449281851526,29.376688880820485,58.208788488524085,60.67047457859704,69.16863361887324,68.74773268137793,0.3329981362289365,0.3877536200761734
47,MW_FeMnAl_500_22-11:,minor_axis_length,23.148870022074046,21.555228437764278,45.74727161683644,47.905519373684626,53.32724855288254,53.1012839236074,0.376683967798512,0.45047774561140985
48,MW_FeMnAl_500_22-11:,eccentricity,0.17836919440368662,0.16303403297480124,0.542775405587899,0.5214405507536802,0.540604675235321,0.5374436063025624,0.341127211272655,0.44758238474476375
49,MW_FeMnAl_500_22-11:,equivalent_diameter,25.124554302834756,23.49221478541027,50.425557191433285,52.82564347104281,59.211647775981454,58.90987621109738,0.36218615269156373,0.4338866805763656
52,MW_FeMnAl_500_22-11:,feret_diameter_max,32.100895745078844,30.939063656843743,60.76317692162141,62.4815730945844,72.47863616366926,72.06061498727405,0.31278510548258986,0.3548859571340145
53,MW_FeMnAl_500_22-11:,perimeter,99.15957352780849,95.098957149263,177.60727672664393,184.56595075278616,213.8371229802309,212.60680199941822,0.29658869887729367,0.3439614789226614
54,MW_FeMnAl_500_22-11:,solidity,0.05175922239659136,0.05098548289071335,0.963040451059586,0.9561782284214648,0.9448416976736552,0.9453251208981989,-0.747416298128454,-0.6981834801449478
55,OMG_Cu_1250_07:,area,34093.23753641308,33073.83726387283,15248.166666666666,18019.380952380954,34229.21428571428,34229.21428571428,0.006740766818164712,0.06525039015386858
56,OMG_Cu_1250_07:,area_convex,46506.09432337106,45295.25844495468,17904.5,22985.785714285714,45424.380952380954,45424.380952380954,-0.07166724550957393,-0.016589699373293243
57,OMG_Cu_1250_07:,major_axis_length,197.9924506417706,187.42720283712092,173.69973512741632,196.0839959317303,308.55413915790655,308.55413915790655,-0.08440841518315056,0.02823586942495082
58,OMG_Cu_1250_07:,minor_axis_length,85.43402425624213,83.83738463940279,97.34051080470341,104.56389144637875,143.6939553507166,143.6939553507166,0.13903537173900515,0.17091506190889438
59,OMG_Cu_1250_07:,eccentricity,0.18860106303682356,0.14803092851940802,0.7273174720996946,0.7502142967292502,0.7913970601209008,0.7913970601209008,-0.2605528414632863,0.22343518460212985
60,OMG_Cu_1250_07:,equivalent_diameter,97.71702338847581,93.32597537363372,120.26601916881204,129.0167020837507,183.57347907606032,183.57347907606032,0.033811414759209346,0.11869442181572554
63,OMG_Cu_1250_07:,feret_diameter_max,191.8252700333235,178.239058754066,180.45698304136508,204.90880769264837,310.3701806216669,310.3701806216669,-0.07734700498424019,0.06985697790992318
64,OMG_Cu_1250_07:,perimeter,699.8141180609991,679.1914376046327,557.3456647207447,653.8714986497021,1031.0940015046249,1031.0940015046249,-0.1352620677275711,-0.06933832496345937
65,OMG_Cu_1250_07:,solidity,0.11445253386197678,0.09727431062844419,0.882587320192327,0.8440902552286706,0.7967409066949904,0.7967409066949904,-0.6139901608575675,-0.16585994681849803
66,RHA_00-45_500X07:,area,2074.5318447784794,2321.092374831299,37580.75,39170.8125,38775.75,38775.75,0.9949265807132408,0.9936489520201708
67,RHA_00-45_500X07:,area_convex,2271.9418456465824,2813.215953317484,39689.5,41098.125,40427.75,40427.75,0.9940790724555555,0.990921764003673
68,RHA_00-45_500X07:,major_axis_length,5.9590273705558765,10.573787812097798,254.5359311998426,260.15649635988086,257.0722900206828,257.0722900206828,0.9942942842646443,0.9820352758690696
69,RHA_00-45_500X07:,minor_axis_length,18.666569474771478,12.463702028873682,167.7040225295775,173.673074249609,177.3119009868076,177.3119009868076,0.9625647129747197,0.9833103872170151
70,RHA_00-45_500X07:,eccentricity,0.08118785915886305,0.08699242074205486,0.7245791105386437,0.7148005117551015,0.6810422629893276,0.6810422629893276,0.8761411614309801,0.8577973609491452
71,RHA_00-45_500X07:,equivalent_diameter,10.213110656847498,7.460594795082726,196.95263912579463,202.5512376898438,202.66424777552373,202.66424777552373,0.9874298185177915,0.9932923193337928
74,RHA_00-45_500X07:,feret_diameter_max,13.427300773480932,18.684196869588902,267.0206935006395,275.39067914080124,271.76506095990345,271.76506095990345,0.9750153489511036,0.9516223550379755
75,RHA_00-45_500X07:,perimeter,83.1460835853246,47.448290395204786,777.8294414193803,775.7492510594936,767.8084524439539,767.8084524439539,0.9089563173539033,0.9703511837018719
76,RHA_00-45_500X07:,solidity,0.038777383803698225,0.039416112622939724,0.9351773644690714,0.9336489582535372,0.933189395859503,0.933189395859503,0.7093408174109641,0.6996866642960816
77,Rec-Cu-Ni-Powder_250x_7_SE_V1:,area,5729.77288072624,5698.300008361627,4344.294117647059,4974.904411764706,6302.470588235294,6255.654411764706,0.4189148847557077,0.42641092765017163
78,Rec-Cu-Ni-Powder_250x_7_SE_V1:,area_convex,7334.962112456783,7767.696388020749,5020.22794117647,6045.757352941177,7349.639705882353,7283.169117647059,0.36840462303551447,0.29342592748247565
79,Rec-Cu-Ni-Powder_250x_7_SE_V1:,major_axis_length,46.93138299445723,48.01660527807238,87.43529082357864,94.52474249818232,104.44313290092136,103.68473347040485,0.39768233189001545,0.3711272978733656
80,Rec-Cu-Ni-Powder_250x_7_SE_V1:,minor_axis_length,31.05875000662534,30.579903083569732,56.41924245827799,59.864387055043956,65.5589885435031,65.22185477091895,0.418986518441293,0.43690784704876684
81,Rec-Cu-Ni-Powder_250x_7_SE_V1:,eccentricity,0.13392463311440087,0.11795891560856157,0.7101195960816444,0.7085703128019574,0.7294477793549738,0.7286645131893936,0.2410230187692306,0.40604834960607217
82,Rec-Cu-Ni-Powder_250x_7_SE_V1:,equivalent_diameter,31.700747684201872,31.144079846755922,66.11723936384496,70.38457345925383,78.02506387767838,77.62570573916706,0.481093424770103,0.49981666754947507
85,Rec-Cu-Ni-Powder_250x_7_SE_V1:,feret_diameter_max,49.221556280875475,50.9390468787992,90.99145309886488,99.36079152279193,108.75474799576463,108.02200037164616,0.39652940734657083,0.35581698057735345
86,Rec-Cu-Ni-Powder_250x_7_SE_V1:,perimeter,189.88857219019576,229.41265596811775,270.5069668676178,313.53688230106263,328.65427841173977,325.6856753668692,0.27091034744223164,-0.061587800715793284
87,Rec-Cu-Ni-Powder_250x_7_SE_V1:,solidity,0.06885721574567417,0.0740116409614318,0.9209043802930443,0.8972912938535673,0.9012200058479126,0.9041484431522889,-0.41949440882386635,-0.6871288187824627
88,Rec-Cu-Ni-Powder_250x_8_SE_V1:,area,3999.735373998573,3688.6268111504564,4923.953488372093,5444.527131782946,6272.84496124031,6174.837209302325,0.37125679982687854,0.4311910446704653
89,Rec-Cu-Ni-Powder_250x_8_SE_V1:,area_convex,5398.784584723497,5598.119635856699,5610.7441860465115,6567.302325581395,7376.434108527132,7249.364341085271,0.2386716955792424,0.11886536172471818
90,Rec-Cu-Ni-Powder_250x_8_SE_V1:,major_axis_length,40.995219722863446,37.902679554828815,98.04331292091615,103.7782267391183,114.56638238242621,113.46359269626969,0.48415227937425076,0.526963662237622
91,Rec-Cu-Ni-Powder_250x_8_SE_V1:,minor_axis_length,23.742474070023928,22.261226975607336,58.90646091230168,62.48119468057602,67.19228127160568,67.00678974878636,0.280634075530959,0.3597444915243172
92,Rec-Cu-Ni-Powder_250x_8_SE_V1:,eccentricity,0.11984060551726942,0.10570467052893899,0.7348797482148925,0.7321376480138738,0.737002278536242,0.7360185328274707,0.5108428454032001,0.6200973170685635
93,Rec-Cu-Ni-Powder_250x_8_SE_V1:,equivalent_diameter,26.29704494426964,24.05484845779048,71.8158632037154,75.66162096876964,82.36934281131533,81.89364272107522,0.42474017939958797,0.4992240140933546
96,Rec-Cu-Ni-Powder_250x_8_SE_V1:,feret_diameter_max,41.10773105279243,38.598320137552925,100.82923975973826,108.0435814251356,118.92793742026076,117.91991472582136,0.5003525687994779,0.532721336582411
97,Rec-Cu-Ni-Powder_250x_8_SE_V1:,perimeter,150.7405094904244,150.03554882632451,296.05395917306487,335.215109652004,353.3938944431195,351.108355499095,0.2601314659504521,0.23754579426083522
98,Rec-Cu-Ni-Powder_250x_8_SE_V1:,solidity,0.07557016346470796,0.06467924960142853,0.912551505174156,0.8847065503921618,0.881233247299653,0.8812687444499978,-0.045077209841281496,0.23426289866639638
99,Rec-Cu-Ni-Powder_250x_9_SE:,area,2738.9979638827494,2555.892949485711,6355.692307692308,6518.615384615385,7225.2307692307695,7225.2307692307695,0.7289465275336311,0.7639756140064266
100,Rec-Cu-Ni-Powder_250x_9_SE:,area_convex,3175.905685482005,2959.7161376362797,7176.384615384615,7464.7692307692305,8321.307692307691,8321.307692307691,0.7640546916713888,0.7950838095434509
101,Rec-Cu-Ni-Powder_250x_9_SE:,major_axis_length,40.283483907415196,36.289269771508,117.54616851353047,118.51923134302987,128.21352839159616,128.21352839159616,0.4547313487270611,0.5575003397687226
102,Rec-Cu-Ni-Powder_250x_9_SE:,minor_axis_length,14.751267244984366,12.997980856527404,66.47204343896067,67.77104644682123,71.27385411750568,71.27385411750568,0.5729896694613434,0.6684633798479197
103,Rec-Cu-Ni-Powder_250x_9_SE:,eccentricity,0.04866793287750434,0.0203033646390084,0.7597623758283009,0.7708543803832796,0.776139186176181,0.776139186176181,0.8757336029476955,0.9783726188186814
104,Rec-Cu-Ni-Powder_250x_9_SE:,equivalent_diameter,22.520223507065626,20.766594135941467,84.22378872046396,85.23388925227718,90.96525548056849,90.96525548056849,0.4515831364674292,0.533667205522526
107,Rec-Cu-Ni-Powder_250x_9_SE:,feret_diameter_max,39.17651817856781,36.015640725851505,120.42209233656965,121.29945834358654,131.3250119845694,131.3250119845694,0.498389091559313,0.5760666407537078
108,Rec-Cu-Ni-Powder_250x_9_SE:,perimeter,104.73611192155329,92.66837811578827,331.0411087343859,349.23901077877275,368.53264768926914,368.53264768926914,0.4855921171162282,0.5973035103292879
109,Rec-Cu-Ni-Powder_250x_9_SE:,solidity,0.03926828839262004,0.00973958666656575,0.9025775485752876,0.8809649147197463,0.8796279771698743,0.8796279771698743,0.3751749798891484,0.9615624656666222
110,S01_03_SE1_500X11:,area,6935.7586241382205,6912.822014570331,14024.666666666666,14416.153846153846,16821.846153846152,16821.846153846152,0.5288239795438794,0.5319351924010021
111,S01_03_SE1_500X11:,area_convex,7581.303739108161,7549.392684013456,14717.71794871795,15110.71794871795,17875.128205128207,17875.128205128207,0.49949978171166054,0.5037043030364439
112,S01_03_SE1_500X11:,major_axis_length,51.75279710336812,50.82349645627698,143.45793828293316,145.96313338819374,164.92653870257163,164.92653870257163,0.18544037844330297,0.21443106266339484
113,S01_03_SE1_500X11:,minor_axis_length,39.30997306562287,37.937903313111676,107.38644888335283,109.51438025582517,122.81268178468349,122.81268178468349,0.2307349466973101,0.28349840468242815
114,S01_03_SE1_500X11:,eccentricity,0.11067806459002075,0.11035962344463977,0.5987136177938321,0.5893086526308401,0.6021449446821905,0.6021449446821905,0.697641888421558,0.6993792652250804
115,S01_03_SE1_500X11:,equivalent_diameter,43.102447055463756,42.07942685463342,121.00770978878877,123.16826846153862,138.35050376932844,138.35050376932844,0.18422806035356964,0.22249258371073455
118,S01_03_SE1_500X11:,feret_diameter_max,55.85238360029406,54.181613272280885,148.7528365327734,151.65359564447922,172.58502072029452,172.58502072029452,0.037080631337975456,0.09382857651647236
119,S01_03_SE1_500X11:,perimeter,182.57007657228021,175.88004156273095,446.99150181374364,448.8239979765259,519.9356825405472,519.9356825405472,0.027328859966299968,0.09730725104494009
120,S01_03_SE1_500X11:,solidity,0.03430323306488274,0.03809473968615896,0.9561430532973321,0.9570684139550403,0.9437403433485971,0.9437403433485971,0.4441557867956376,0.3144912524244924
121,S02_01_SE1_1000X16:,area,4437.862633070114,4121.606341383579,23310.5,24180.333333333332,25111.0,25111.0,0.9697058588387526,0.9738697266210523
122,S02_01_SE1_1000X16:,area_convex,4944.9917172158475,4858.931076721848,24314.291666666668,25329.083333333332,26218.625,26218.625,0.9637730101579888,0.9650229973665158
123,S02_01_SE1_1000X16:,major_axis_length,59.786827813756645,59.7041385845606,187.4080942929169,193.66891151889195,202.2154947656783,202.2154947656783,0.5574260935692108,0.5586494663114725
124,S02_01_SE1_1000X16:,minor_axis_length,22.01457201766454,21.076248430273864,129.2319242880083,131.77799206733388,137.03933549607362,137.03933549607362,0.9254167998692889,0.9316391997402104
125,S02_01_SE1_1000X16:,eccentricity,0.14832395753972707,0.13469114267320034,0.6784729243081881,0.6806128338253137,0.6729098205725826,0.6729098205725826,0.4797674216526735,0.5710042292740259
126,S02_01_SE1_1000X16:,equivalent_diameter,27.81907088286846,27.370105474985902,149.8534215672199,153.22623546853478,159.5398195028289,159.5398195028289,0.8812919970500769,0.8850926791888317
129,S02_01_SE1_1000X16:,feret_diameter_max,67.21988873518353,67.51860397244582,197.26000630286418,204.39654573831606,215.38750900888212,215.38750900888212,0.48973213411188665,0.48518694767682247
130,S02_01_SE1_1000X16:,perimeter,157.43161454052262,158.59426078578088,568.6163357274586,587.8452813757492,611.4245141664853,611.4245141664853,0.6755372740120085,0.6707272067417803
131,S02_01_SE1_1000X16:,solidity,0.040759209359952,0.03980160623335534,0.9578938675525533,0.9492436996547783,0.9442684588701921,0.9442684588701921,0.1573856221671106,0.19651354317080827
132,S02_02_SE1_300X18:,area,1039.5746477650664,984.7189516776365,3857.406896551724,4017.0,4118.951724137931,4118.951724137931,0.826630360834461,0.8444441750262309
133,S02_02_SE1_300X18:,area_convex,1204.3682876984901,1144.7425037972514,4011.4137931034484,4186.737931034483,4329.4068965517245,4329.4068965517245,0.7886046606534323,0.8090180155827159
134,S02_02_SE1_300X18:,major_axis_length,18.18240919425903,17.58350325370601,77.36383320959112,79.33603021185246,81.73933493633993,81.73933493633993,0.48654626226211817,0.519814239451905
135,S02_02_SE1_300X18:,minor_axis_length,7.582066611523007,6.777641407031092,59.97934117317709,61.721772235471875,61.47403938484302,61.47403938484302,0.8861666806078086,0.9090398047926149
136,S02_02_SE1_300X18:,eccentricity,0.11343150707853553,0.10261835665622146,0.5621739392579049,0.5498935072662748,0.5748797444869328,0.5748797444869328,0.763747958810989,0.8066437227022888
137,S02_02_SE1_300X18:,equivalent_diameter,9.784671879640037,9.052705971632943,66.56245957728622,68.44636425003783,69.08865518588743,69.08865518588743,0.7968040931108744,0.8260680956198765
140,S02_02_SE1_300X18:,feret_diameter_max,16.605366600552035,15.867570968161923,81.26254159941095,82.58547601978876,85.55912725515591,85.55912725515591,0.5699569721394709,0.6073226299609826
141,S02_02_SE1_300X18:,perimeter,49.091655837410094,46.69792185788479,236.1706412887598,242.3266025848242,248.26548027074554,248.26548027074554,0.598306126552488,0.6365246575037652
142,S02_02_SE1_300X18:,solidity,0.04550564458523362,0.04647599768470591,0.9610988855126332,0.9582980667286424,0.9507963269196247,0.9507963269196247,-0.04671891779863824,-0.09183490753281576
143,S02_03_SE1_1000X24:,area,12081.153219597234,12599.839951669715,23479.153846153848,23605.69230769231,26861.19230769231,26861.19230769231,0.7071236953817799,0.681435403788293
144,S02_03_SE1_1000X24:,area_convex,13101.008610614093,13717.661508771485,24640.80769230769,24647.53846153846,28198.653846153848,28198.653846153848,0.6809515092277402,0.650209995705027
145,S02_03_SE1_1000X24:,major_axis_length,55.30344968423046,58.08696440792566,196.29998841442435,197.61699702109775,211.51114341091082,211.51114341091082,0.44421676661689125,0.3868618225411856
146,S02_03_SE1_1000X24:,minor_axis_length,38.6281434494711,38.51378879540765,133.7084298273939,135.00585341394964,144.28398651822874,144.28398651822874,0.7486245657340518,0.7501107050378756
147,S02_03_SE1_1000X24:,eccentricity,0.027856439033588684,0.037370784829195994,0.698393914244465,0.6912224834479276,0.6955815762401585,0.6955815762401585,0.9824083170743668,0.968339291532433
148,S02_03_SE1_1000X24:,equivalent_diameter,44.621921495386374,45.8217904216381,156.46865028769588,157.47176828002614,168.51213907341955,168.51213907341955,0.6569638757531453,0.6382675827511839
151,S02_03_SE1_1000X24:,feret_diameter_max,53.32821551941054,55.54174197793115,202.07175375420468,204.39057428110118,218.30689101503978,218.30689101503978,0.4566915662380663,0.410652647577877
152,S02_03_SE1_1000X24:,perimeter,170.75362720595203,175.84224937615113,587.5342557673112,585.8359456889995,627.6087742219686,627.6087742219686,0.5321684055301728,0.5038692634458943
153,S02_03_SE1_1000X24:,solidity,0.01880342395112559,0.028312584207186103,0.9462902807044392,0.9499976510695595,0.9417529024879403,0.9417529024879403,0.8849173350992755,0.7390873978407542
154,S04_01_SE1_1000X45:,area,1123.9295039790218,1100.0446455586348,4645.3675213675215,4826.042735042735,4953.153846153846,4953.153846153846,0.922098604512615,0.9253744205130742
155,S04_01_SE1_1000X45:,area_convex,1208.596226043602,1255.6750083105605,4832.008547008547,5040.350427350428,5155.940170940171,5155.940170940171,0.916694600324669,0.9100781597965386
156,S04_01_SE1_1000X45:,major_axis_length,16.377441726520335,15.17089744293095,81.69459356305713,84.6749782506511,86.59539914101336,86.59539914101336,0.7380234052571876,0.7752017572326093
157,S04_01_SE1_1000X45:,minor_axis_length,7.5056158568720255,6.709156080754571,62.95699131036986,64.51397420487115,65.29319304177427,65.29319304177427,0.9398449698629427,0.9519343219507852
158,S04_01_SE1_1000X45:,eccentricity,0.11985207091750863,0.10977913968230286,0.586570575082746,0.5747182952800591,0.5871464920265445,0.5871464920265445,0.7393444263768317,0.7813167212504165
159,S04_01_SE1_1000X45:,equivalent_diameter,10.173792189316096,9.028844244943453,70.1397644871621,72.10406033200871,73.46668114293908,73.46668114293908,0.8861567722349484,0.9103385417217219
162,S04_01_SE1_1000X45:,feret_diameter_max,15.611767169418503,15.101495951349403,84.95724748708442,87.38333356067157,89.05920410017386,89.05920410017386,0.7753446326408069,0.7897903695339494
163,S04_01_SE1_1000X45:,perimeter,43.62103636631069,51.33349139979431,248.48307854513743,258.64855222449796,258.92501618870386,258.92501618870386,0.8237740711824592,0.7559496380886952
164,S04_01_SE1_1000X45:,solidity,0.02936539212534189,0.04531791453477124,0.9655653014094723,0.9593423636051541,0.958660471625963,0.958660471625963,0.07244785925065067,-1.2090551339689029
165,S05_02_SE1_300X59:,area,1749.6029711626095,1663.10119274793,4382.18556701031,4529.144329896907,5080.969072164949,5080.969072164949,0.608087831915642,0.6458827502486028
166,S05_02_SE1_300X59:,area_convex,2031.2346253184992,1916.6898737576062,4545.453608247422,4713.319587628866,5388.690721649485,5388.690721649485,0.5304217786344787,0.581889127448272
167,S05_02_SE1_300X59:,major_axis_length,30.16165270206812,28.32337315686807,82.03081589693728,84.40044309170847,95.0766558195654,95.0766558195654,-0.04569403228942859,0.07788665343565626
168,S05_02_SE1_300X59:,minor_axis_length,12.34984751404757,11.182201108536903,63.24083631880833,64.77746383182675,66.85218899955342,66.85218899955342,0.7303952006151411,0.7789660291913261
169,S05_02_SE1_300X59:,eccentricity,0.14777797092579173,0.16754909287177353,0.5681030270867761,0.5545845922643309,0.6207005433025314,0.6207005433025314,0.6136278991532627,0.50332703303712
170,S05_02_SE1_300X59:,equivalent_diameter,16.744831887362,15.481716619548498,70.32589314656799,72.10365470436683,77.04247367067124,77.04247367067124,0.4746783210766158,0.5509424860519876
173,S05_02_SE1_300X59:,feret_diameter_max,29.290828465420844,27.564947385404974,85.85331350796794,87.96850301665589,98.53415251634438,98.53415251634438,-0.002111948352587101,0.11250224109706286
174,S05_02_SE1_300X59:,perimeter,79.87565631250028,73.71145552536987,249.69856061329534,257.1489332197308,283.50573204418686,283.50573204418686,0.1336976225922597,0.2622476510870213
175,S05_02_SE1_300X59:,solidity,0.039334027138000174,0.03706644303299845,0.9652582449331908,0.9614524841305995,0.9463664098348906,0.9463664098348906,0.14404572751042366,0.2398915466056052
176,S05_03_SE1_1000X65:,area,55179.963591869106,56255.74458348993,47049.21428571428,48371.71428571428,66997.5,66997.5,0.07621548226137831,0.039844410075699166
177,S05_03_SE1_1000X65:,area_convex,57549.96553182535,60562.20802199999,50596.21428571428,56202.28571428572,70699.64285714286,70699.64285714286,0.074724477798635,-0.024670749110403234
178,S05_03_SE1_1000X65:,major_axis_length,144.90477596246808,151.30184694374745,318.8076035859466,322.8216106879487,353.81318188579996,353.81318188579996,-0.9022981004887358,-1.0739660062604668
179,S05_03_SE1_1000X65:,minor_axis_length,107.15477222275966,106.84156998103336,175.88770048526135,176.21981968759533,218.38601501498178,218.38601501498178,0.33809159660761456,0.3419553203960456
180,S05_03_SE1_1000X65:,eccentricity,0.10351392072656197,0.14439509460957475,0.74622614818527,0.7444143927096379,0.7472538664821461,0.7472538664821461,0.7368147536275504,0.48788334224577357
181,S05_03_SE1_1000X65:,equivalent_diameter,118.27128474395515,119.3263842504321,222.82880618642147,225.64517779090252,265.567234666155,265.567234666155,0.053445545462149524,0.03648176785672197
184,S05_03_SE1_1000X65:,feret_diameter_max,146.09355027923303,156.04820884643277,324.5987842129572,341.5212458285807,364.8846442657786,364.8846442657786,-1.015561965281215,-1.2995965279757455
185,S05_03_SE1_1000X65:,perimeter,485.28269669239273,627.911666276598,959.9442379201412,1015.7103195585181,1038.4376695322537,1038.4376695322537,-0.468909392575938,-1.4592489768567534
186,S05_03_SE1_1000X65:,solidity,0.06032930404214053,0.0969433015468803,0.9264600498199894,0.9028151772615455,0.9457105126052223,0.9457105126052223,-1.586880824337705,-5.679676090200122
187,S07_03_SE1_1250X92:,area,21216.20491825372,20779.990896693547,44942.46666666667,46422.6,54421.333333333336,54421.333333333336,0.9050536886582716,0.9089178234519794
188,S07_03_SE1_1250X92:,area_convex,21953.61244837244,16592.987066830374,48136.2,53649.933333333334,58379.46666666667,58379.46666666667,0.9117388244396349,0.9495795322343555
189,S07_03_SE1_1250X92:,major_axis_length,111.58439040857596,105.5455468353552,278.90048910309935,291.4472517205949,337.38950746350383,337.38950746350383,0.4831644175416264,0.5375919947159492
190,S07_03_SE1_1250X92:,minor_axis_length,44.43526122528214,44.009106079036286,159.74628601297894,162.22090975566414,173.64162947897069,173.64162947897069,0.8793924203921767,0.88169469457569
191,S07_03_SE1_1250X92:,eccentricity,0.08499782594760934,0.09038927305492324,0.7377390608994138,0.7548869873542562,0.750889501465937,0.750889501465937,0.8879142256614505,0.8732439641742578
192,S07_03_SE1_1250X92:,equivalent_diameter,61.34363954005302,59.93647966076083,197.2923255979372,201.76966554857523,224.72579027511685,224.72579027511685,0.7997285993900132,0.8088112564345665
195,S07_03_SE1_1250X92:,feret_diameter_max,104.52677840426678,95.18983884679281,291.67009861069,316.00811439237174,345.60233893723847,345.60233893723847,0.5980763824276998,0.6666737018229292
196,S07_03_SE1_1250X92:,perimeter,266.7315062226714,628.209128737444,840.9796918360151,1057.48558629501,942.0673660664821,942.0673660664821,0.72704163408342,-0.5141059312509866
197,S07_03_SE1_1250X92:,solidity,0.0614735032228829,0.10901254123895883,0.9331974356413835,0.8857187621449627,0.9192505950266259,0.9192505950266259,-0.3610571006491363,-3.2800943907784843
198,Sc1Tile_001-002-000_0-000:,area,2848.924975798853,2802.811971994306,3707.248226950355,3935.5886524822695,4425.7163120567375,4431.106382978724,0.7266418946824575,0.7351561739333252
199,Sc1Tile_001-002-000_0-000:,area_convex,3343.183138866311,3279.027530549155,3845.2836879432625,4079.0141843971633,4713.7836879432625,4719.425531914893,0.678395551616563,0.6903218105667459
200,Sc1Tile_001-002-000_0-000:,major_axis_length,24.872538076972628,24.407562215191874,66.24196769994387,68.87713300075679,73.61275492832453,73.71710702483837,0.7014785716106909,0.7117350149378308
201,Sc1Tile_001-002-000_0-000:,minor_axis_length,15.041439498639448,14.112852989103615,53.39601170660094,56.90394382070389,58.61712346237846,58.670111878631474,0.835234285999577,0.8548241791665578
202,Sc1Tile_001-002-000_0-000:,eccentricity,0.22261605900768744,0.13209871832234732,0.5436222030925877,0.4584911434777582,0.4853812942461842,0.4879781921732923,0.11060635591460843,0.6852100916610213
203,Sc1Tile_001-002-000_0-000:,equivalent_diameter,17.059031003896308,16.401712702078584,58.267180278518445,61.52611269899567,64.07548326981272,64.15013446238072,0.8097136390451416,0.8237831562349228
206,Sc1Tile_001-002-000_0-000:,feret_diameter_max,24.744678905110295,23.924360528848176,69.63542748133148,71.76413031770596,76.73311141796003,76.82384649999557,0.7257902097237148,0.7430788339027068
207,Sc1Tile_001-002-000_0-000:,perimeter,88.45973206918426,86.16304264749162,203.3331769253624,213.2558375046529,234.36474687349755,234.6419726519715,0.6666463436799712,0.6831134555433027
208,Sc1Tile_001-002-000_0-000:,solidity,0.05860718739787477,0.054153896581559884,0.9649206855759588,0.9605937688479183,0.9412064851172607,0.9410933601870266,-0.4513846092705538,-0.23754518594074603
209,TruForm174-2_00-37_500X16:,area,2294.252030963239,2175.0980346932215,6061.026315789473,6208.1973684210525,6853.3026315789475,6757.473684210527,0.39501383893521835,0.48097514841198263
210,TruForm174-2_00-37_500X16:,area_convex,2493.6509959241857,2343.0864990659784,6266.618421052632,6395.934210526316,7129.75,7024.539473684211,0.3497952717088002,0.44766113451489564
211,TruForm174-2_00-37_500X16:,major_axis_length,29.227296780502556,26.45028000766519,97.8580124710165,99.03723617644386,108.43360537509093,107.65653543001392,-0.4658812181160852,-0.24619319338850865
212,TruForm174-2_00-37_500X16:,minor_axis_length,17.124857934126446,17.92119191753604,75.65765570984938,77.03320018717483,80.20314781651314,79.43461946974162,0.47729145873500434,0.476087842067926
213,TruForm174-2_00-37_500X16:,eccentricity,0.1432470334855128,0.1326902605016264,0.5440859427316306,0.5412462326550996,0.5803050889455225,0.5818255562067065,0.6377856590121035,0.6948480969432183
214,TruForm174-2_00-37_500X16:,equivalent_diameter,20.506903817612322,19.804789226031183,84.11511066291582,85.37010430225202,90.7672859131736,89.88539029100632,0.13682924984606992,0.2521826926294847
217,TruForm174-2_00-37_500X16:,feret_diameter_max,30.785359950962356,28.030039004434073,102.01609799394481,102.8057581642916,113.2742897090403,112.31745718369739,-0.5510237102876112,-0.3472616221117599
218,TruForm174-2_00-37_500X16:,perimeter,84.38631008718349,79.05794667836572,298.0360388350638,301.04841774758245,326.2662141165495,323.2460429509049,-0.3029773071348336,-0.13031159424234273
219,TruForm174-2_00-37_500X16:,solidity,0.038691943613060206,0.03637946531131001,0.9665200376846501,0.9662322824697333,0.9601788994955794,0.9586201049483919,0.12151477241293496,0.3697510915813518
